"","V1","V2","V3"
"1","argu_decid","impos_person","subsidiari_oper"
"2","argu_caus","constitut_violat","purpos_corpor"
"3","present_whether","evid_introduc","partnership_agreement"
"4","within_mean","exercis_jurisdict","relat_corpor"
"5","manag_compani","insuffici_evid","initi_capit"
"6","compani_corpor","answer_question","factor_whether"
"7","corpor_busi","reason_care","liabil_parent"
"8","director_offic","affirm_note","incorpor_busi"
"9","enter_favor","fletcher_cyclopedia","factual_situat"
"10","corpor_princip","cyclopedia_corpor","corpor_disregard"
"11","rais_whether","alleg_alter","also_reject"
"12","dissolv_corpor","alter_parent","corpor_fiction"
"13","corpor_continu","parent_compani","applic_limit"
"14","continu_oper","burden_proof","fraudul_purpos"
"15","oper_corpor","establish_person","liabil_must"
"16","brief_appelle","jurisdict_must","corpor_hold"
"17","person_liabl","resolv_favor","reason_attorney"
"18","liabl_debt","faci_show","subsidiari_compani"
"19","debt_incur","show_person","compani_mere"
"20","bankruptci_bankruptci","promissori_note","permit_corpor"
"21","impos_liabil","fraudul_transfer","corpor_stockhold"
"22","though_corpor","transfer_fraudul","liabil_subsidiari"
"23","breach_fiduciari","factual_procedur","violat_duti"
"24","fiduciari_duti","procedur_histori","instrument_parent"
"25","creditor_corpor","proper_exercis","common_plea"
"26","real_person","jurisdict_corpor","debt_oblig"
"27","person_properti","alleg_fail","domin_corpor"
"28","vacat_remand","corpor_conduct","also_indic"
"29","director_person","conduct_corpor","must_commit"
"30","seek_relief","trade_practic","plaintiff_injuri"
"31","person_liabil","entitl_recov","dishonest_unjust"
"32","approxim_million","actual_intent","unjust_contravent"
"33","action_aris","intent_hinder","bank_loan"
"34","agre_purchas","damag_attorney","insul_liabil"
"35","purchas_price","attorney_cost","find_corpor"
"36","bankruptci_court","continu_systemat","oper_separ"
"37","court_dismiss","factual_determin","suffici_pierc"
"38","corpor_independ","suffici_evid","name_corpor"
"39","breach_contract","liabl_alleg","tort_contract"
"40","within_jurisdict","breach_agreement","creat_corpor"
"41","reason_revers","evid_demonstr","asset_transfer"
"42","lack_matter","enter_agreement","make_payment"
"43","revers_court","element_necessari","offic_parent"
"44","matter_jurisdict","award_cost","public_account"
"45","busi_sell","purchas_properti","corpor_name"
"46","affirm_court","properti_locat","clear_convinc"
"47","whether_debtor","fail_establish","convinc_evid"
"48","adversari_proceed","establish_element","also_appli"
"49","dismiss_plaintiff","financi_difficulti","corpor_seek"
"50","insur_polici","cite_approv","substanti_asset"
"51","move_dismiss","busi_organ","evid_fraud"
"52","among_thing","month_later","corpor_argu"
"53","jurisdict_hear","assert_person","argu_sinc"
"54","injunct_relief","oper_offic","corpor_distinct"
"55","caus_action","conclus_evid","reason_believ"
"56","princip_place","evid_actual","reject_content"
"57","place_busi","clear_evid","look_beyond"
"58","alleg_must","corpor_limit","perform_oblig"
"59","must_take","fiduciari_relationship","veil_find"
"60","action_dismiss","argu_find","agreement_corpor"
"61","jurisdict_u.s.c","protect_afford","within_limit"
"62","presid_sole","repres_corpor","credibl_evid"
"63","action_whether","find_base","evid_exist"
"64","sole_sharehold","confer_jurisdict","corpor_shield"
"65","enter_final","corpor_matter","person_person"
"66","oblig_contract","debt_debtor","associ_corpor"
"67","propos_find","remain_whether","person_asset"
"68","find_conclus","clear_erron","concept_corpor"
"69","enter_written","check_payabl","account_record"
"70","factual_find","court_find","must_clear"
"71","agreement_purchas","find_clear","also_contain"
"72","jurisdict_base","busi_entiti","respect_corpor"
"73","transact_involv","court_conclus","action_recov"
"74","agreement_agre","conclud_fail","busi_enterpris"
"75","action_base","appli_corpor","corpor_assert"
"76","sharehold_director","reli_heavili","director_stockhold"
"77","divers_citizenship","scope_employ","receiv_benefit"
"78","agreement_provid","jurisdict_purpos","requir_pierc"
"79","million_dollar","check_account","bankruptci_file"
"80","best_interest","offic_employe","circumst_corpor"
"81","also_agre","employe_corpor","affili_compani"
"82","pierc_corpor","loan_secur","format_corpor"
"83","corpor_veil","sole_offic","undisput_evid"
"84","veil_hold","interfer_contract","reason_appli"
"85","institut_action","note_also","appli_equal"
"86","action_seek","find_fail","compani_busi"
"87","seek_enforc","without_regard","ascertain_whether"
"88","alleg_control","regard_whether","relat_busi"
"89","control_entiti","order_note","promot_fraud"
"90","asset_corpor","receiv_payment","basi_pierc"
"91","contract_fraud","assert_jurisdict","subsidiari_mere"
"92","liabil_insur","address_whether","damag_base"
"93","hold_corpor","favor_non-mov","strict_liabil"
"94","four_month","offic_person","breach_warranti"
"95","petit_bankruptci","provid_servic","domin_financ"
"96","estat_properti","contrari_evid","financ_polici"
"97","commenc_action","evid_infer","separ_mind"
"98","genuin_materi","liabl_tort","mind_exist"
"99","materi_move","doctrin_equit","equit_doctrin"
"100","open_account","applic_doctrin","busi_conduit"
"101","move_entitl","fail_evid","relationship_corpor"
"102","entitl_matter","evid_rais","right_recov"
"103","matter_fed.r.civ.p","plaintiff_right","particular_circumst"
"104","alter_pierc","must_affirm","lead_conclus"
"105","must_resolv","make_find","assum_liabil"
"106","also_consid","result_injuri","corpor_right"
"107","debt_corpor","jurisdict_also","singl_entiti"
"108","draw_reason","return_verdict","interest_justic"
"109","reason_infer","must_show","limit_circumst"
"110","follow_corpor","form_busi","fraud_injustic"
"111","corpor_fail","busi_purpos","record_show"
"112","insur_compani","establish_liabil","receiv_corpor"
"113","serv_purpos","attempt_collect","compani_separ"
"114","offer_evid","evid_contrari","treat_separ"
"115","evid_support","borrow_money","argu_fail"
"116","support_court","support_juri","agreement_howev"
"117","inquiri_whether","juri_verdict","corpor_singl"
"118","whether_evid","cite_therein","entiti_purpos"
"119","evid_present","support_find","whether_alter"
"120","present_suffici","doctrin_appli","lack_jurisdict"
"121","affidavit_support","14th_dist","stockhold_offic"
"122","action_must","offic_manag","right_properti"
"123","anderson_liberti","wholly-own_subsidiari","differ_corpor"
"124","liberti_lobbi","jurisdict_jurisdict","parent_control"
"125","plaintiff_alleg","tend_show","deposit_account"
"126","joint_ventur","meet_burden","whether_proper"
"127","liabil_oblig","must_demonstr","creditor_right"
"128","damag_aris","transact_busi","corpor_common"
"129","busi_affair","busi_transact","corpor_financ"
"130","corpor_exist","action_proceed","provid_evid"
"131","admiss_evid","minimum_contact","corpor_consid"
"132","offic_agent","court_exercis","grossli_inadequ"
"133","must_therefor","offend_tradit","inadequ_capit"
"134","therefor_dismiss","tradit_notion","salari_expens"
"135","person_involv","notion_fair","jurisdict_matter"
"136","appli_alter","fair_play","inquir_whether"
"137","duti_impos","play_substanti","corpor_whether"
"138","evid_establish","substanti_justic","support_evid"
"139","alter_doctrin","oper_compani","formal_requir"
"140","doctrin_pierc","meet_oblig","separ_independ"
"141","fail_file","corpor_transact","person_oblig"
"142","inter_alia","busi_within","also_move"
"143","annual_report","also_appear","titl_properti"
"144","violat_right","absent_show","purchas_agreement"
"145","also_support","action_relat","singl_factor"
"146","corpor_must","defend_conduct","answer_affirm"
"147","oper_busi","also_recogn","dismiss_lack"
"148","seek_damag","conclusori_alleg","dominion_control"
"149","corpor_asset","defend_action","find_support"
"150","asset_creditor","save_loan","note_corpor"
"151","fourteenth_amend","stay_proceed","conflict_evid"
"152","assert_alter","find_liabil","bank_bank"
"153","cours_conduct","volkswagen_woodson","liabil_aris"
"154","uniti_ownership","alleg_failur","altern_theori"
"155","adher_fiction","requir_applic","oper_expens"
"156","involv_transact","jurisdict_nonresid","protect_interest"
"157","fiction_separ","actual_damag","challeng_court"
"158","separ_entiti","defend_contact","procedur_background"
"159","liabil_limit","reason_equival","health_care"
"160","money_damag","servic_render","continu_busi"
"161","real_properti","evid_indic","establish_jurisdict"
"162","sanction_fraud","purpos_avail","need_address"
"163","fraud_promot","benefit_protect","person_individu"
"164","know_whether","intent_deceiv","share_stock"
"165","promot_injustic","fair_reason","evid_insuffici"
"166","limit_partnership","reason_expect","failur_perform"
"167","fail_alleg","power_pierc","suffici_warrant"
"168","avoid_liabil","must_satisfi","ceas_oper"
"169","alleg_support","whether_reason","control_must"
"170","corpor_charter","must_whether","impos_duti"
"171","also_alleg","must_evid","factor_determin"
"172","receiv_compens","corpor_employ","must_shown"
"173","court_deni","within_discret","evid_clear"
"174","ordinari_cours","make_determin","work_injustic"
"175","cours_busi","consid_factor","reason_conclud"
"176","good_reason","cash_flow","offic_sharehold"
"177","consid_whether","essenti_element","hundr_thousand"
"178","satisfi_requir","duti_breach","thousand_dollar"
"179","show_genuin","cours_action","conclud_evid"
"180","deal_corpor","provid_adequ","sell_properti"
"181","potenti_liabil","injuri_sustain","insur_coverag"
"182","corpor_oblig","duti_must","chapter_petit"
"183","liabl_corpor","evid_intent","secretari_treasur"
"184","corpor_debt","injuri_occur","busi_reason"
"185","stock_corpor","letter_sent","note_secur"
"186","must_constru","exercis_power","lien_properti"
"187","manag_control","hold_individu","action_accru"
"188","public_polici","assert_evid","loan_agreement"
"189","control_affair","fail_provid","busi_without"
"190","individu_liabil","within_month","tort_action"
"191","liabil_corpor","sharehold_liabl","action_also"
"192","properti_corpor","person_benefit","loan_corpor"
"193","corpor_caus","justic_requir","manag_corpor"
"194","support_content","also_point","also_provid"
"195","testifi_deposit","involv_corpor","also_testifi"
"196","corpor_properti","husband_wife","capit_corpor"
"197","proceed_bankruptci","person_expens","stockhold_director"
"198","fail_relief","close_evid","director_presid"
"199","alter_theori","sharehold_corpor","corpor_creditor"
"200","employe_agent","therefor_whether","contract_breach"
"201","previous_note","corpor_sharehold","corpor_manag"
"202","insur_corpor","liabl_action","find_whether"
"203","evid_corpor","natur_corpor","submit_decid"
"204","corpor_fund","evid_justifi","must_also"
"205","separ_ident","justifi_pierc","affirm_defens"
"206","corpor_director","except_appli","transfer_fund"
"207","final_determin","basi_find","corpor_direct"
"208","suffici_support","quotat_omit","conclud_matter"
"209","carri_busi","support_conclus","focus_whether"
"210","jurisdict_exist","work_done","fraud_creditor"
"211","either_direct","within_reason","corpor_share"
"212","direct_indirect","find_noth","caus_damag"
"213","corpor_whose","except_provid","sole_director"
"214","action_corpor","benefit_creditor","articl_incorpor"
"215","natur_extent","debtor_transfer","fair_deal"
"216","base_alleg","therefor_find","sell_product"
"217","sever_time","support_award","detriment_creditor"
"218","transfer_asset","award_punit","howev_note"
"219","also_contend","debtor_creditor","proper_dismiss"
"220","injuri_caus","contend_evid","next_argu"
"221","court_jurisdict","compani_also","clear_unambigu"
"222","within_scope","support_verdict","princip_offic"
"223","total_circumst","tortious_conduct","chairman_board"
"224","corpor_corpor","financi_affair","matter_whether"
"225","court_denial","properti_acquir","measur_damag"
"226","abus_discret","secur_agreement","right_creditor"
"227","person_direct","agreement_contain","liabil_base"
"228","must_given","juri_find","howev_evid"
"229","herebi_order","principl_corpor","exist_oblig"
"230","court_grant","properti_debtor","nat'l_bank"
"231","grant_deni","possess_properti","continu_exist"
"232","director_corpor","commit_corpor","addit_find"
"233","corpor_alleg","activ_particip","corpor_affair"
"234","corpor_becom","fail_demonstr","creditor_creditor"
"235","direct_control","factual_suffici","given_opportun"
"236","must_decid","evid_must","agreement_date"
"237","preponder_evid","great_weight","show_caus"
"238","damag_breach","exercis_right","contract_right"
"239","contract_enter","evid_whether","limit_partner"
"240","incur_debt","corpor_failur","suffici_basi"
"241","debtor_bankruptci","workmen_compens","base_find"
"242","rule_evid","contract_perform","fraud_misrepresent"
"243","appli_determin","argu_evid","fail_find"
"244","chapter_bankruptci","perform_work","corpor_general"
"245","bankruptci_petit","find_person","entiti_sharehold"
"246","account_receiv","liabil_impos","basi_court"
"247","find_evid","oblig_incur","remand_instruct"
"248","also_sought","introduc_evid","oper_mere"
"249","jurisdict_action","wrong_conduct","also_reli"
"250","decid_whether","corpor_commit","find_find"
"251","action_u.s.c","commit_tort","enter_find"
"252","whether_action","ref'd_n.r.e","find_basi"
"253","u.s.c_u.s.c","alleg_violat","also_cite"
"254","reason_person","respons_corpor","entiti_involv"
"255","liabl_damag","corpor_involv","proper_corpor"
"256","damag_caus","fail_meet","transact_corpor"
"257","person_jurisdict","transfer_properti","settlement_agreement"
"258","collater_estoppel","corpor_sole","conduct_person"
"259","remand_proceed","support_alleg","restat_tort"
"260","proceed_consist","presid_corpor","domin_stockhold"
"261","must_assum","ownership_separ","possess_control"
"262","bring_action","becam_insolv","also_corpor"
"263","factual_alleg","individu_longer","note_note"
"264","light_favor","longer_exist","liabl_theori"
"265","dismiss_failur","exist_must","divers_action"
"266","unless_appear","treat_corpor","close_relat"
"267","appear_beyond","sever_factor","board_member"
"268","beyond_doubt","need_reach","fail_adequ"
"269","prove_support","corpor_capit","liabil_theori"
"270","documentari_evid","corpor_formal","allow_pierc"
"271","support_entitl","director_meet","busi_corpor"
"272","entitl_relief","injuri_alleg","ceas_exist"
"273","separ_action","corpor_contract","basi_jurisdict"
"274","conley_gibson","secur_loan","sever_liabil"
"275","fall_within","director_sharehold","convey_properti"
"276","regist_agent","black_dictionari","veil-pierc_theori"
"277","also_offic","weigh_evid","corpor_substanti"
"278","offic_corpor","corpor_respons","individu_control"
"279","knew_known","evid_requir","equiti_requir"
"280","fail_prove","capit_stock","situat_corpor"
"281","written_agreement","must_reason","hold_liabl"
"282","evid_offer","find_abus","assert_caus"
"283","action_aros","corpor_status","support_theori"
"284","contract_provid","caus_injuri","noth_indic"
"285","corpor_form","escap_liabil","properti_sold"
"286","specif_alleg","damag_injuri","action_constitut"
"287","agreement_requir","leas_properti","argu_corpor"
"288","reason_find","support_substanti","agre_court"
"289","damag_award","substanti_evid","asset_person"
"290","corpor_alter","weight_evid","ownership_properti"
"291","liabil_individu","except_otherwis","whether_person"
"292","basi_liabil","show_suffici","plead_alleg"
"293","employe_work","action_damag","lower_court"
"294","sought_damag","damag_alleg","need_consid"
"295","record_kept","theori_pierc","support_proposit"
"296","amend_plead","ignor_corpor","among_other"
"297","waiv_right","recov_damag","personam_jurisdict"
"298","must_look","failur_compli","presid_director"
"299","reach_conclus","busi_oper","debtor_asset"
"300","contain_evid","compet_evid","divers_jurisdict"
"301","form_substanc","without_merit","also_find"
"302","veil_pierc","reserv_right","acquir_asset"
"303","contract_agreement","requir_evid","asset_purchas"
"304","sole_basi","sever_occas","action_enforc"
"305","count_count","reason_mind","congression_intent"
"306","affirm_revers","legal_suffici","statement_show"
"307","count_alleg","bank_account","chang_name"
"308","evid_suggest","construct_project","chief_execut"
"309","contract_must","reason_basi","corpor_affili"
"310","attempt_pierc","find_reason","close_corpor"
"311","contract_price","agreement_sign","properti_transfer"
"312","assert_right","base_evid","therefor_must"
"313","must_examin","event_occur","plead_suffici"
"314","compensatori_damag","leas_agreement","receiv_money"
"315","punit_damag","howev_alleg","maintain_action"
"316","cost_attorney","practic_respect","action_pierc"
"317","limit_liabil","control_subsidiari","debtor_debtor"
"318","challeng_suffici","benefit_corpor","contend_howev"
"319","also_fail","corpor_action","reach_whether"
"320","fail_rais","agenc_theori","complet_control"
"321","violat_constitut","requir_show","equit_natur"
"322","alleg_fraud","show_corpor","properti_properti"
"323","constitut_right","action_without","show_actual"
"324","court_analysi","corpor_also","therefor_revers"
"325","conclus_base","notwithstand_verdict","court_pierc"
"326","clear_establish","discret_deni","construct_fraud"
"327","never_intend","omit_emphasi","construct_contract"
"328","requir_person","base_alter","factor_relev"
"329","person_knowledg","fail_compli","relev_factor"
"330","busi_relationship","person_whose","note_payabl"
"331","bankruptci_proceed","contract_fail","person_deal"
"332","must_give","limit_applic","entiti_hold"
"333","action_requir","express_impli","corpor_determin"
"334","action_fraud","corpor_therefor","nonpay_dividend"
"335","assum_arguendo","therefor_liabl","nonfunct_offic"
"336","contract_purchas","control_sharehold","facad_oper"
"337","conclus_support","right_action","oper_domin"
"338","factual_basi","must_alleg","properti_right"
"339","enter_contract","without_refer","also_known"
"340","mere_alleg","chief_justic","theori_corpor"
"341","whether_suffici","previous_discuss","commingl_asset"
"342","consid_evid","concur_note","circumst_surround"
"343","otherwis_provid","alleg_contain","stand_assert"
"344","must_forth","evid_prove","actual_control"
"345","exist_whether","must_consid","corpor_book"
"346","fraud_breach","court_award","must_exist"
"347","perform_contract","burden_establish","person_account"
"348","whether_particular","moor_practic","took_action"
"349","congress_intend","make_clear","rev'd_ground"
"350","submit_evid","suffici_satisfi","respons_debt"
"351","tort_liabil","read_follow","alter_busi"
"352","actual_fraud","sever_reason","consider_given"
"353","legisl_histori","corpus_christi","ownership_corpor"
"354","evid_view","substanti_similar","asset_satisfi"
"355","properti_estat","said_corpor","hold_person"
"356","written_contract","fund_account","compani_person"
"357","unless_otherwis","revers_pierc","emphasi_also"
"358","includ_within","evid_concern","evid_howev"
"359","cong_sess","discuss_infra","construct_compani"
"360","contract_sign","satisfi_debt","sharehold_person"
"361","u.s.cod_cong","entiti_individu","evid_also"
"362","plead_requir","cyclopedia_privat","corpor_liabil"
"363","avoid_transfer","must_appli","liabil_sharehold"
"364","circumstanti_evid","privat_corpor","mere_corpor"
"365","fraudul_convey","corpor_perm","fund_person"
"366","evid_suffici","except_circumst","howev_limit"
"367","secur_creditor","requir_appli","support_assert"
"368","necessari_prevent","evid_consid","compani_provid"
"369","purpos_establish","fund_corpor","compani_compani"
"370","therefor_conclud","corpor_check","collier_bankruptci"
"371","citat_omit","must_fail","howev_find"
"372","alleg_caus","grant_relief","reason_necessari"
"373","relev_determin","admit_evid","individu_member"
"374","determin_whether","affirm_background","repay_loan"
"375","fraud_alleg","rise_level","proper_consid"
"376","find_regard","busi_name","circumst_exist"
"377","respect_transact","must_revers","develop_corpor"
"378","jurisdict_requir","incorpor_corpor","also_show"
"379","accept_true","corpor_account","impos_individu"
"380","sole_purpos","legislatur_intend","liber_constru"
"381","condit_preced","formal_corpor","find_must"
"382","intern_citat","action_assert","asset_busi"
"383","fraud_requir","burden_demonstr","fail_disclos"
"384","expens_incur","requir_prove","plaintiff_favor"
"385","fals_represent","stock_certif","kept_separ"
"386","take_action","corpor_stock","corpor_requir"
"387","dismiss_base","account_corpor","person_fund"
"388","appli_action","capac_presid","statutori_requir"
"389","support_posit","infer_favor","purchas_stock"
"390","contract_contain","relief_sought","contract_also"
"391","tort_commit","intent_purpos","design_protect"
"392","surviv_dismiss","busi_person","must_address"
"393","howev_must","establish_prima","come_within"
"394","must_prove","insuffici_establish","rule_govern"
"395","alleg_fraudul","element_caus","sham_perpetr"
"396","stage_proceed","bankruptci_estat","castleberri_branscum"
"397","reason_affirm","burden_shift","whether_entiti"
"398","refus_allow","evidentiari_hear","fiction_disregard"
"399","question_whether","afford_opportun","sharehold_offic"
"400","sole_owner","alleg_plaintiff","seek_avoid"
"401","owner_oper","suffer_damag","contract_requir"
"402","includ_limit","establish_exist","organ_oper"
"403","whether_alleg","court_factual","mere_tool"
"404","respondeat_superior","similar_situat","contend_fail"
"405","liquid_asset","offer_proof","fund_transfer"
"406","activ_within","general_corpor","fail_plead"
"407","agreement_clear","unusu_circumst","shield_liabil"
"408","person_injuri","view_light","creditor_must"
"409","revers_remand","corpor_sham","money_properti"
"410","wrong_death","affili_corpor","stock_compani"
"411","offic_liabl","observ_corpor","fail_maintain"
"412","affirm_dismiss","dividend_insolv","control_individu"
"413","practic_matter","insolv_corpor","person_purpos"
"414","also_requir","whether_subsidiari","corpor_enterpris"
"415","cost_incur","parent_corpor","corpor_basi"
"416","statutori_languag","take_place","everi_reason"
"417","default_enter","fund_domin","basi_disregard"
"418","alleg_true","domin_sharehold","product_liabil"
"419","howev_clear","whether_parent","purchas_asset"
"420","dismiss_must","corpor_domin","transfer_occur"
"421","must_contain","director_absenc","purchas_corpor"
"422","contain_alleg","subsidiari_corpor","corpor_debtor"
"423","corpor_individu","absenc_corpor","direct_involv"
"424","unsecur_creditor","corpor_record","debt_liabil"
"425","give_rise","undercapit_corpor","veil_howev"
"426","corpor_never","parent-subsidiari_relationship","fraud_deceit"
"427","agenc_relationship","support_jurisdict","cost_expens"
"428","busi_practic","parent_subsidiari","final_argu"
"429","must_accept","alleg_regard","suffici_alleg"
"430","examin_whether","evid_find","corpor_evid"
"431","dismiss_alleg","equit_power","famili_member"
"432","offic_director","prevent_fraud","contract_therefor"
"433","loss_result","fraud_illeg","author_corpor"
"434","footnot_omit","subsidiari_parent","evid_evid"
"435","fraud_must","action_within","exist_control"
"436","must_establish","veil_equit","share_common"
"437","dismiss_ground","equit_remedi","contract_agre"
"438","find_suffici","disregard_fiction","review_novo"
"439","requir_must","fiction_corpor","whether_jurisdict"
"440","requir_find","action_commenc","exist_genuin"
"441","unless_clear","find_alter","common_fraud"
"442","busi_activ","assert_corpor","fraud_also"
"443","without_prejudic","corpor_ownership","shoe_washington"
"444","offic_space","ownership_control","constitut_breach"
"445","life_insur","failur_maintain","altern_ground"
"446","individu_capac","maintain_corpor","find_jurisdict"
"447","legisl_intent","appropri_circumst","condominium_unit"
"448","constitut_requir","corpor_minut","unit_owner"
"449","person_respons","commingl_fund","compani_name"
"450","seek_recoveri","fund_asset","complet_corpor"
"451","perpetr_fraud","divers_corpor","various_corpor"
"452","therefor_entitl","properti_owner","corpor_respect"
"453","protect_corpor","busi_locat","injuri_unjust"
"454","bankruptci_u.s.c","veil_reach","corpor_suffici"
"455","cite_author","north_carolina","sharehold_liabil"
"456","truste_bankruptci","reach_asset","support_pierc"
"457","whether_pierc","take_posit","veil_must"
"458","individu_liabl","independ_corpor","corpor_receiv"
"459","dismiss_count","corpor_maintain","alleg_injuri"
"460","failur_relief","maintain_separ","miller_practic"
"461","liabil_compani","separ_financi","board_meet"
"462","alleg_breach","appli_doctrin","approxim_month"
"463","statutori_construct","common_director","action_therefor"
"464","weigh_favor","corpor_subsidiari","enforc_agreement"
"465","concern_whether","illinoi_corpor","corpor_except"
"466","incorpor_refer","award_attorney","fail_observ"
"467","disregard_corpor","ford_motor","common_control"
"468","form_corpor","organ_control","singl_enterpris"
"469","person_busi","busi_conduct","conclud_court"
"470","share_profit","applic_principl","veil_appli"
"471","veil_theori","noth_suggest","complet_domin"
"472","profit_loss","subsidiari_subsidiari","polici_busi"
"473","action_brought","individu_alleg","entiti_transact"
"474","without_decid","perpetu_fraud","transact_separ"
"475","howev_conclud","specif_address","posit_duti"
"476","contractu_relationship","wholli_subsidiari","commingl_corpor"
"477","commit_fraud","oral_agreement","breach_duti"
"478","purpos_determin","control_parent","consid_determin"
"479","whether_disregard","creditor_debtor","factor_includ"
"480","control_manag","asset_debtor","includ_whether"
"481","alleg_neglig","debtor_corpor","sign_contract"
"482","determin_liabil","corpor_benefit","matter_relat"
"483","conclus_forego","sharehold_meet","hold_sharehold"
"484","forego_reason","addit_alleg","individu_individu"
"485","grant_dismiss","record_corpor","evid_fail"
"486","dismiss_action","individu_separ","adher_corpor"
"487","employ_employ","alter_individu","fail_proper"
"488","rule_dismiss","busi_asset","evid_regard"
"489","contractu_right","separ_apart","liabil_action"
"490","also_note","indic_corpor","without_object"
"491","also_name","entiti_oper","alon_suffici"
"492","control_busi","note_howev","fort_worth"
"493","pierc_veil","award_damag","transfer_stock"
"494","doctrin_corpor","primari_purpos","entiti_exist"
"495","form_disregard","allow_corpor","unclear_whether"
"496","good_faith","veil_limit","liabil_also"
"497","fraud_corpor","fail_produc","belong_corpor"
"498","corpor_shell","fail_satisfi","compani_alleg"
"499","individu_sharehold","collect_bargain","alleg_transfer"
"500","requir_establish","bargain_agreement","without_consider"
"501","person_corpor","take_advantag","deni_dismiss"
"502","therefor_proper","distinct_entiti","compani_asset"
"503","also_seek","control_corpor","mere_major"
"504","liabl_breach","corpor_reason","complet_stock"
"505","ground_pierc","render_favor","stock_control"
"506","whether_corpor","debtor_estat","transact_attack"
"507","corpor_control","ident_corpor","attack_corpor"
"508","control_person","princip_agent","busi_record"
"509","provid_basi","argu_howev","fraudul_conduct"
"510","proxim_caus","corpor_exercis","must_proxim"
"511","support_dismiss","exercis_control","late_earli"
"512","therefor_affirm","stock_ownership","necessari_element"
"513","legitim_busi","employ_employe","recogn_corpor"
"514","action_individu","agreement_contract","failur_file"
"515","recov_cost","sham_corpor","direct_person"
"516","author_support","formal_observ","corpor_within"
"517","aris_contract","share_corpor","principl_appli"
"518","omit_also","relat_entiti","remedi_avail"
"519","caus_corpor","without_limit","corpor_simpli"
"520","former_employe","abus_corpor","corpor_capac"
"521","corpor_person","person_employ","compani_control"
"522","liabil_person","agreement_includ","month_payment"
"523","theori_alter","conclus_reason","produc_evid"
"524","creat_genuin","reason_forth","evid_either"
"525","liabl_alter","contract_damag","basi_conclud"
"526","corpor_entiti","damag_result","requir_corpor"
"527","alter_corpor","show_fraud","sought_recov"
"528","discuss_whether","action_breach","sole_proprietorship"
"529","whether_find","warrant_pierc","reli_sole"
"530","plead_deposit","applic_alter","corpor_enter"
"531","deposit_answer","whether_grant","major_stock"
"532","answer_interrogatori","leav_file","stock_purchas"
"533","interrogatori_admiss","close_relationship","corpor_presid"
"534","admiss_file","final_note","entitl_receiv"
"535","file_togeth","individu_stockhold","oper_control"
"536","togeth_affidavit","justifi_disregard","conclus_reach"
"537","affidavit_show","intern_revenu","factor_weigh"
"538","file_bankruptci","major_sharehold","singl_busi"
"539","motion_dismiss","bankruptci_truste","corpor_author"
"540","burden_show","action_behalf","contract_tort"
"541","take_account","entiti_treat","corpor_actual"
"542","materi_exist","ceas_busi","form_purpos"
"543","balanc_sheet","exist_separ","evid_conclud"
"544","memorandum_support","meet_requir","never_receiv"
"545","must_view","corpor_financi","support_infer"
"546","insuffici_support","also_liabl","mere_sham"
"547","view_evid","howev_corpor","faith_fair"
"548","evid_light","chief_financi","actual_knowledg"
"549","favor_nonmov","person_repres","busi_busi"
"550","repli_brief","financi_offic","express_intent"
"551","court_rule","corpor_liabl","corpor_serv"
"552","corpor_take","person_guarante","rule_regul"
"553","failur_observ","vicari_liabil","jurisdict_proper"
"554","exercis_person","employe_benefit","extent_corpor"
"555","factual_background","benefit_plan","form_basi"
"556","alleg_wrong","pension_fund","indic_intent"
"557","brought_action","health_welfar","right_corpor"
"558","execut_agreement","agreement_wherebi","recognit_corpor"
"559","independ_contractor","agreement_also","burger_king"
"560","entiti_control","also_includ","evid_adduc"
"561","base_forego","outstand_stock","grossli_undercapit"
"562","veil_alter","plain_languag","avail_privileg"
"563","alter_liabil","voluntari_petit","privileg_conduct"
"564","properti_person","good_caus","conduct_activ"
"565","compani_oper","action_alleg","ident_disregard"
"566","owner_properti","purpos_provid","exist_contract"
"567","person_control","mere_instrument","stock_issu"
"568","control_properti","instrument_alter","aris_transact"
"569","requir_proof","corpor_addit","meet_board"
"570","disregard_separ","mere_exist","next_contend"
"571","separ_corpor","maintain_offic","equit_principl"
"572","entiti_must","telephon_number","take_care"
"573","employe_employ","oblig_agreement","contract_construct"
"574","relationship_exist","jurisdict_person","subsidiari_affili"
"575","lack_stand","appel_brief","dewitt_truck"
"576","stand_bring","successor_corpor","truck_broker"
"577","entiti_corpor","fund_fund","extend_credit"
"578","corpor_activ","corpor_employe","action_person"
"579","direct_particip","base_sole","must_find"
"580","activ_corpor","therefor_order","suffici_contact"
"581","corpor_incorpor","sign_agreement","entiti_mere"
"582","fail_show","without_knowledg","suffici_show"
"583","nation_bank","contract_negoti","taken_true"
"584","argu_court","appropri_pierc","import_factor"
"585","assum_without","princip_sharehold","must_determin"
"586","court_determin","bear_burden","also_establish"
"587","veil_disregard","necessari_support","plaintiff_caus"
"588","theori_liabil","separ_book","exercis_complet"
"589","chapter_truste","book_record","mere_shell"
"590","employ_contract","oper_subsidiari","find_fraud"
"591","test_pierc","interst_commerc","sever_corpor"
"592","contract_action","accord_agreement","enter_corpor"
"593","also_serv","separ_bank","corpor_promot"
"594","liabil_debt","contract_howev","owner_corpor"
"595","consider_whether","also_dismiss","relev_time"
"596","seek_impos","damag_also","allow_recoveri"
"597","fraudul_intent","pierc_theori","adequ_capit"
"598","hinder_delay","enforc_contract","list_factor"
"599","delay_defraud","whether_contract","siphon_fund"
"600","board_director","celotex_catrett","percent_stock"
"601","unjust_enrich","suffici_establish","mere_facad"
"602","delawar_corpor","instant_action","number_factor"
"603","corpor_owner","agreement_therefor","element_injustic"
"604","oper_manag","daili_oper","fundament_unfair"
"605","cite_support","determin_corpor","lack_evid"
"606","alleg_suffici","asst_atti","warrant_disregard"
"607","whether_individu","dismiss_dismiss","affirm_affirm"
"608","seek_pierc","employe_retir","transfer_corpor"
"609","joint_sever","retir_secur","defend_dismiss"
"610","sever_liabl","secur_erisa","corpor_repres"
"611","conclus_find","misus_corpor","corpor_treat"
"612","secur_exchang","hereinaft_refer","aris_relat"
"613","control_oper","appli_test","jurisdict_assert"
"614","howev_court","test_appli","corpor_undercapit"
"615","serv_presid","rule_appli","refus_grant"
"616","outstand_share","corpor_ident","author_cite"
"617","day-to-day_oper","entiti_alter","liabil_attach"
"618","right_control","establish_corpor","servic_perform"
"619","limit_person","degre_control","shell_corpor"
"620","partnership_corpor","trebl_damag","manufactur_compani"
"621","corpor_compani","statutori_author","loan_money"
"622","correct_note","person_entiti","agent_employe"
"623","line_credit","right_duti","cours_employ"
"624","respect_dissent","zenith_radio","restat_agenc"
"625","compani_organ","congress_enact","breach_impli"
"626","perform_servic","find_favor","corpor_base"
"627","stock_subsidiari","base_contract","without_author"
"628","receiv_salari","relationship_among","alon_insuffici"
"629","file_petit","appli_principl","establish_alter"
"630","corpor_oper","corpor_pierc","reason_interpret"
"631","properti_also","corpor_constitut","right_liabil"
"632","agreement_execut","engag_activ","behind_corpor"
"633","vicari_liabl","corpor_parent","uniform_commerci"
"634","work_capit","parent_liabl","ampl_evid"
"635","present_evid","liabl_oblig","invest_compani"
"636","manag_busi","specif_provid","asset_compani"
"637","reason_follow","control_stock","evid_relat"
"638","trade_name","took_place","creditor_seek"
"639","individu_person","advers_affect","find_merit"
"640","conduct_busi","violat_statutori","failur_disclos"
"641","vice_presid","materi_regard","properti_without"
"642","emphasi_suppli","judici_proceed","direct_corpor"
"643","stand_proposit","support_affidavit","applic_corpor"
"644","activ_involv","intern_quotat","transfer_transfer"
"645","necessari_protect","quotat_mark","individu_entiti"
"646","seek_recov","mark_omit","test_whether"
"647","compani_form","absenc_fraud","hold_otherwis"
"648","damag_must","hold_parent","control_exercis"
"649","element_must","compani_liabl","corpor_remain"
"650","also_conclud","action_caus","remain_asset"
"651","must_plead","corpor_headquart","sound_discret"
"652","gave_rise","common_stock","much_less"
"653","statutori_scheme","duti_corpor","mere_alter"
"654","short_thereaft","broad_discret","liabil_contract"
"655","clear_indic","action_taken","reason_doubt"
"656","letter_date","independ_entiti","appli_whether"
"657","satisfi_burden","whether_appli","corpor_provid"
"658","brief_argu","corpor_organ","court_view"
"659","regardless_whether","come_forward","within_court"
"660","favor_find","corpor_separ","action_involv"
"661","analysi_whether","court_discret","corpor_sinc"
"662","prima_faci","distinct_corpor","liabl_person"
"663","howev_whether","corpor_regard","behalf_corpor"
"664","absenc_genuin","whether_exercis","u.s.c_also"
"665","review_court","compli_requir","entiti_person"
"666","dismiss_prejudic","suffer_injuri","whether_genuin"
"667","execut_contract","leav_amend","amend_constitut"
"668","file_action","relationship_parent","jurisdict_alleg"
"669","servic_provid","negoti_contract","alleg_action"
"670","also_argu","check_drawn","corpor_alon"
"671","bona_fide","good_servic","alter_relationship"
"672","fals_statement","written_consent","polici_under"
"673","liabil_damag","ownership_stock","provid_suffici"
"674","evid_show","agreement_agreement","revers_caus"
"675","submit_affidavit","amicus_curia","caus_remand"
"676","automat_stay","also_evid","evid_reason"
"677","court_reason","compani_stock","whether_circumst"
"678","corpor_find","entiti_pierc","work_perform"
"679","capit_contribut","reason_pierc","alleg_misrepresent"
"680","addit_evid","plain_mean","neglig_misrepresent"
"681","contractu_oblig","labor_relat","class_action"
"682","therefor_hold","share_offic","am.jur_corpor"
"683","financi_statement","veil_corpor","privat_right"
"684","agent_corpor","entiti_defeat","scintilla_evid"
"685","corpor_purchas","defeat_public","corpor_agent"
"686","asset_liabil","public_conveni","corpor_transfer"
"687","grant_favor","conveni_justifi","statutori_definit"
"688","individu_corpor","justifi_wrong","test_determin"
"689","termin_contract","wrong_protect","manag_oper"
"690","corpor_offic","protect_fraud","money_corpor"
"691","major_stockhold","fraud_defend","corpor_meet"
"692","purpos_avoid","defend_crime","telephon_call"
"693","avoid_person","execut_offic","princip_corpor"
"694","alleg_corpor","liabl_contract","depend_whether"
"695","contract_execut","book_account","entiti_also"
"696","intent_defraud","subsidiari_separ","action_action"
"697","defraud_creditor","corpor_howev","liabil_howev"
"698","real_estat","pension_plan","howev_sinc"
"699","sought_pierc","liabl_subsidiari","damag_sustain"
"700","veil_impos","corpor_note","clear_show"
"701","direct_verdict","perform_duti","element_requir"
"702","verdict_favor","reli_represent","exist_circumst"
"703","need_decid","corpor_mere","differ_conclus"
"704","court_refus","individu_respons","suffer_loss"
"705","agreement_enter","regard_corpor","final_enter"
"706","natur_person","avoid_oblig","therefor_consid"
"707","employ_person","corpor_associ","adequ_remedi"
"708","separ_distinct","circumst_justifi","find_matter"
"709","person_engag","equit_relief","appoint_receiv"
"710","suffici_reason","corpor_without","must_taken"
"711","entiti_disregard","wrong_perpetr","corpor_bank"
"712","oblig_corpor","assert_defens","equit_consider"
"713","vice_versa","entiti_separ","fall_short"
"714","must_appear","circumst_must","oper_singl"
"715","appear_corpor","common_sens","employ_agreement"
"716","separ_person","compani_subsidiari","element_fraud"
"717","corpor_ceas","argu_entitl","prove_corpor"
"718","exercis_discret","reason_discuss","presid_chief"
"719","petit_alleg","relev_whether","motor_vehicl"
"720","separ_exist","account_account","enforc_right"
"721","exist_corpor","prevent_injustic","offic_also"
"722","person_seek","stockhold_corpor","without_evid"
"723","seek_disregard","howev_also","control_domin"
"724","remand_direct","member_board","exist_disregard"
"725","concur_dissent","contract_corpor","evid_submit"
"726","corpor_creat","refus_pierc","damag_suffer"
"727","fraud_wrong","hide_behind","protect_right"
"728","action_howev","compani_engag","rais_genuin"
"729","evid_favor","right_oblig","oblig_liabil"
"730","necessari_pierc","domin_control","uniform_fraudul"
"731","also_assert","corpor_wholli","conclud_corpor"
"732","corpor_structur","stockhold_person","wright_miller"
"733","must_dismiss","either_corpor","injuri_suffer"
"734","corpor_insolv","worker_compens","improp_purpos"
"735","individu_offic","financi_respons","taken_place"
"736","corpor_engag","relev_evid","permit_pierc"
"737","exercis_reason","termin_agreement","corpor_return"
"738","engag_busi","note_evid","direct_liabil"
"739","money_receiv","find_court","action_pend"
"740","burden_prove","transact_occur","distinct_sharehold"
"741","prove_element","attempt_avoid","fraudul_misrepresent"
"742","turn_whether","appel_divis","whether_creditor"
"743","carri_burden","suffici_fund","liabil_pierc"
"744","transfer_debtor","reason_reli","direct_liabl"
"745","debtor_properti","affair_corpor","common_offic"
"746","failur_provid","sole_stockhold","factor_must"
"747","financi_record","sever_month","busi_ventur"
"748","requir_satisfi","imposit_liabil","invest_corpor"
"749","absenc_evid","control_mere","howev_requir"
"750","tortious_interfer","recogn_separ","common_ownership"
"751","busi_deal","unjust_loss","employe_offic"
"752","debtor_insolv","seek_hold","violat_u.s.c"
"753","insolv_debtor","agreement_alleg","whether_court"
"754","point_evid","person_capac","corpor_partnership"
"755","interest_corpor","fraudul_induc","actual_construct"
"756","stand_alon","reason_given","control_compani"
"757","howev_fail","theori_recoveri","sharehold_sharehold"
"758","lack_person","base_theori","initi_burden"
"759","direct_evid","infer_drawn","corpor_establish"
"760","employ_corpor","organ_corpor","termin_employ"
"761","evid_point","compani_incorpor","repres_capac"
"762","corpor_instrument","constitut_fraud","fraudul_represent"
"763","financi_condit","protect_person","evid_tend"
"764","reason_anticip","misc_n.y.","servic_corpor"
"765","factor_consid","contract_contract","prong_test"
"766","dismiss_without","entiti_distinct","individu_name"
"767","consid_decid","corpor_relationship","materi_whether"
"768","sent_letter","contract_alleg","undercapit_failur"
"769","corpor_purpos","properti_purchas","suffici_justifi"
